Time,Signal 1,Signal 2,Signal 3,Signal 4,Signal 5
0,2,2,2,2,2
0.033333333,1.946604175,1.909827088,1.951524486,1.928819077,1.953687728
0.066666667,1.851799816,1.75593431,1.864591943,1.805255821,1.870170884
0.1,1.719266817,1.547334449,1.742231535,1.635924352,1.752244045
0.133333333,1.55343783,1.294519204,1.58813088,1.428558537,1.603323339
0.166666667,1.359359042,1.008999373,1.406532385,1.191676064,1.427353941
0.2,1.142541421,0.702833471,1.202120913,0.934235349,1.228709366
0.233333333,0.908806695,0.3881625,0.979905673,0.665298512,1.012085061
0.266666667,0.664132265,0.076767359,0.745099225,0.393712578,0.782388823
0.3,0.414499063,-0.220336323,0.502996472,0.127819578,0.54463055
0.333333333,0.165746169,-0.493253344,0.258856388,-0.124795551,0.303813761
0.366666667,-0.076564415,-0.733503992,0.017789056,-0.357512413,0.064831187
0.4,-0.307269815,-0.934251665,-0.215349623,-0.564833228,-0.167633444
0.433333333,-0.521712646,-1.090458555,-0.436053458,-0.74248904,-0.389195514
0.466666667,-0.715829699,-1.198967759,-0.640249965,-0.887493712,-0.595849864
0.5,-0.886221515,-1.258512928,-0.82437139,-0.998147375,-0.784040002
0.533333333,-1.030202005,-1.269659146,-0.985411679,-1.07399286,-0.950715098
0.566666667,-1.145827812,-1.234680988,-1.120968671,-1.115730178,-1.093374008
0.6,-1.231907666,-1.157385677,-1.229271198,-1.125095389,-1.210095869
0.633333333,-1.287992522,-1.04289079,-1.309191083,-1.10471115,-1.299557144
0.666666667,-1.314347689,-0.897367076,-1.360240429,-1.057916778,-1.361035299
0.7,-1.311908624,-0.727757634,-1.382554876,-0.988585943,-1.394399556
0.733333333,-1.282222368,-0.541484915,-1.376863823,-0.90093995,-1.400089481
0.766666667,-1.227376904,-0.34615681,-1.344448857,-0.799364206,-1.379082356
0.8,-1.149920906,-0.149282497,-1.287091847,-0.688234753,-1.332850529
0.833333333,-1.052776473,0.041992254,-1.207014347,-0.571760839,-1.26331009
0.866666667,-0.939147491,0.221121835,-1.106810069,-0.453848425,-1.172762358
0.9,-0.812426244,0.382362656,-0.98937227,-0.337988318,-1.063829769
0.933333333,-0.67610078,0.520934765,-0.857817936,-0.227171316,-0.939387793
0.966666667,-0.533665413,0.633139675,-0.715410617,-0.123831535,-0.802494551
1,-0.388536488,0.716432608,-0.565483742,-0.029817785,-0.656319748
1.033333333,-0.243975299,0.769449126,-0.41136611,0.053608231,-0.504074505
1.066666667,-0.103019753,0.791987754,-0.256311151,0.125749146,-0.348943582
1.1,0.031573974,0.784951726,-0.103431365,0.186427704,-0.194021339
1.133333333,0.157378876,0.750254242,0.044360816,0.235924832,-0.042252665
1.166666667,0.272333059,0.690692749,0.184404744,0.274904219,0.103620078
1.2,0.374764005,0.609798498,0.31433503,0.304327887,0.241103235
1.233333333,0.463401224,0.511668236,0.432116235,0.325367253,0.367990479
1.266666667,0.537377754,0.400785088,0.53606843,0.339314038,0.482393423
1.3,0.596221178,0.281835712,0.624883529,0.347495095,0.582763925
1.333333333,0.639835123,0.159530515,0.697632526,0.351194684,0.667908051
1.366666667,0.668472376,0.038433243,0.753763946,0.351587213,0.736991791
1.4,0.682700943,-0.077194456,0.79309404,0.349682723,0.789538845
1.433333333,0.683364449,-0.183528762,0.815789407,0.346286688,0.825420936
1.466666667,0.67153839,-0.277295932,0.82234286,0.341974959,0.844841271
1.5,0.648483731,-0.355858375,0.813543488,0.337083912,0.848311862
1.533333333,0.615599343,-0.417272954,0.790441928,0.331715202,0.83662557
1.566666667,0.574374688,-0.460321009,0.754311942,0.325753866,0.810823751
1.6,0.526344075,-0.484510638,0.706609396,0.318898008,0.772160495
1.633333333,0.473043666,-0.490052751,0.648929759,0.310697864,0.722064417
1.666666667,0.415972256,-0.477813262,0.582965197,0.300601753,0.662099015
1.7,0.356556653,-0.449244513,0.510462289,0.288006217,0.593922538
1.733333333,0.296122325,-0.406299594,0.433181318,0.272307655,0.51924831
1.766666667,0.235869736,-0.351333619,0.352857989,0.252952754,0.439806354
1.8,0.176856627,-0.286996266,0.271168323,0.229485287,0.357307115
1.833333333,0.119986272,-0.216119944,0.189697346,0.201587048,0.273407948
1.866666667,0.066001584,-0.141607863,0.109912069,0.169111125,0.189682983
1.9,0.015484738,-0.066326025,0.033139104,0.132106094,0.107596808
1.933333333,-0.031138142,0.006997196,-0.039452857,0.09083019,0.028482345
1.966666667,-0.07358782,0.075860732,-0.106865623,0.045755006,-0.04647687
2,-0.111719008,0.138067151,-0.168279194,-0.002441258,-0.116259868
2.033333333,-0.145504412,0.191783679,-0.223054719,-0.052890529,-0.180016913
2.066666667,-0.17501657,0.235586613,-0.270733007,-0.10456065,-0.237073745
2.1,-0.200408302,0.268488491,-0.311028951,-0.156288991,-0.286931633
2.133333333,-0.221892605,0.28994806,-0.343822329,-0.206822306,-0.329263506
2.166666667,-0.239722744,0.299863678,-0.369145473,-0.254861065,-0.363906564
2.2,-0.254173277,0.298551364,-0.387168395,-0.299106347,-0.390851793
2.233333333,-0.265522645,0.286709172,-0.398181926,-0.338307334,-0.410230867
2.266666667,-0.274037862,0.265369973,-0.402579491,-0.371307463,-0.422300958
2.3,-0.279961749,0.235845015,-0.40083809,-0.397087412,-0.427427988
2.333333333,-0.283503018,0.19966083,-0.393499075,-0.414803268,-0.426068856
2.366666667,-0.284829403,0.15849213,-0.381149242,-0.42381845,-0.418753166
2.4,-0.284063912,0.114093347,-0.364402733,-0.423728265,-0.406064966
2.433333333,-0.281284147,0.068231345,-0.343884171,-0.414376274,-0.388624948
2.466666667,-0.276524537,0.022621631,-0.32021339,-0.395861972,-0.367073543
2.5,-0.269781227,-0.021129826,-0.293992054,-0.368539668,-0.342055273
2.533333333,-0.261019267,-0.061577442,-0.265792365,-0.333008733,-0.31420466
2.566666667,-0.2501817,-0.097478133,-0.236148002,-0.290095743,-0.28413394
2.6,-0.237200055,-0.127823707,-0.205547357,-0.240829303,-0.252422747
2.633333333,-0.22200575,-0.151862943,-0.174429023,-0.186408584,-0.219609884
2.666666667,-0.204541874,-0.169113198,-0.143179493,-0.128166805,-0.186187201
2.7,-0.184774815,-0.179361721,-0.112132877,-0.067531025,-0.152595574
2.733333333,-0.162705242,-0.182657266,-0.081572477,-0.005979704,-0.119222881
2.766666667,-0.138377948,-0.179292857,-0.051733947,0.055000498,-0.086403853
2.8,-0.111890155,-0.169780866,-0.022809773,0.113957216,-0.054421607
2.833333333,-0.083397908,-0.154821747,0.005045231,0.169512805,-0.023510634
2.866666667,-0.053120274,-0.135267918,0.031707734,0.220401441,0.006138999
2.9,-0.021341163,-0.112084383,0.057079311,0.265501814,0.034376505
2.933333333,0.01159137,-0.086307685,0.081079812,0.303864516,0.061084593
2.966666667,0.045268353,-0.059004764,0.103640938,0.334733454,0.086173297
3,0.079225593,-0.031233195,0.124700323,0.357560846,0.109573729
3.033333333,0.112951702,-0.004004136,0.144196336,0.37201558,0.131231991
3.066666667,0.145898224,0.02175084,0.162063808,0.377984964,0.151103506
3.1,0.177491566,0.045208094,0.178230828,0.375570105,0.169147966
3.133333333,0.207146389,0.065674714,0.19261672,0.365075346,0.185325087
3.166666667,0.23428004,0.08260529,0.205131249,0.346992365,0.199591301
3.2,0.258327617,0.09561242,0.215675068,0.321979701,0.211897478
3.233333333,0.278757176,0.104470962,0.224141362,0.290838536,0.222187762
3.266666667,0.295084646,0.109116252,0.230418602,0.254485681,0.230399491
3.3,0.306887987,0.109636726,0.234394287,0.213924728,0.236464217
3.333333333,0.313820151,0.106261534,0.235959516,0.170216315,0.240309725
3.366666667,0.315620455,0.099343912,0.235014184,0.124448465,0.241862967
3.4,0.312124022,0.08934114,0.231472616,0.077707847,0.241053771
3.433333333,0.303268965,0.076792026,0.225269379,0.031052758,0.237819156
3.466666667,0.289101118,0.062292862,0.216365074,-0.014511493,0.232108084
3.5,0.269776114,0.046472796,0.204751836,-0.058054263,0.223886445
3.533333333,0.245558755,0.029969544,0.190458349,-0.098737861,0.213142064
3.566666667,0.216819634,0.013406279,0.173554139,-0.13583218,0.199889535
3.6,0.184029088,-0.002629556,0.154152969,-0.168725524,0.184174678
3.633333333,0.147748612,-0.017604862,0.132415173,-0.19693159,0.166078419
3.666666667,0.108619939,-0.031056442,0.108548786,-0.220092738,0.145719931
3.7,0.06735205,-0.04260311,0.082809395,-0.237979731,0.12325888
3.733333333,0.024706445,-0.051954163,0.055498631,-0.25048827,0.098896652
3.766666667,-0.01851898,-0.058914112,0.026961312,-0.257632685,0.072876463
3.8,-0.061507025,-0.063383754,-0.00241876,-0.259537219,0.045482299
3.833333333,-0.103438844,-0.065357764,-0.032224266,-0.256425362,0.01703665
3.866666667,-0.143511717,-0.064919107,-0.06201101,-0.248607727,-0.012102948
3.9,-0.18095652,-0.062230672,-0.09131558,-0.236468933,-0.04154852
3.933333333,-0.215054449,-0.057524592,-0.119663875,-0.220453956,-0.070887325
3.966666667,-0.245152607,-0.051089772,-0.146580282,-0.201054377,-0.099688498
4,-0.270678086,-0.043258188,-0.171597304,-0.178794904,-0.127510505
4.033333333,-0.291150204,-0.034390504,-0.194265384,-0.154220487,-0.153909257
4.066666667,-0.306190635,-0.024861576,-0.214162705,-0.127884307,-0.178446691
4.1,-0.315531192,-0.015046351,-0.230904697,-0.100336836,-0.200699627
4.133333333,-0.319019109,-0.00530665,-0.244153019,-0.072116103,-0.220268668
4.166666667,-0.316619718,0.004020772,-0.253623795,-0.04373927,-0.236786951
4.2,-0.308416489,0.012634524,-0.259094866,-0.015695524,-0.249928505
4.233333333,-0.294608452,0.02027699,-0.260411883,0.011559722,-0.259416034
4.266666667,-0.27550511,0.026740663,-0.257493063,0.037609389,-0.26502789
4.3,-0.25151897,0.031872319,-0.250332483,0.062078137,-0.266604089
4.333333333,-0.223155914,0.035575009,-0.2390018,0.084634746,-0.264051183
4.366666667,-0.191003651,0.037807943,-0.223650347,0.104993594,-0.257345857
4.4,-0.155718551,0.038584397,-0.204503561,0.122915378,-0.246537152
4.433333333,-0.118011175,0.03796786,-0.181859781,0.138207203,-0.231747228
4.466666667,-0.078630856,0.036066634,-0.15608545,0.150722172,-0.213170627
4.5,-0.038349695,0.033027219,-0.127608826,0.160358591,-0.191072031
4.533333333,0.002053666,0.029026756,-0.096912315,0.167058872,-0.165782535
4.566666667,0.041810113,0.02426488,-0.064523601,0.170808213,-0.137694501
4.6,0.080175639,0.018955298,-0.031005743,0.1716331,-0.107255091
4.633333333,0.116446078,0.0133174,0.003053537,0.169599656,-0.074958586
4.666666667,0.149970703,0.007568216,0.037053148,0.164811857,-0.041337663
4.7,0.180164402,0.001914962,0.070390277,0.157409572,-0.006953796
4.733333333,0.206518213,-0.003451596,0.102472116,0.147566446,0.027613025
4.766666667,0.228608017,-0.008362765,0.13272743,0.13548755,0.061775039
4.8,0.246101249,-0.012676427,0.160617729,0.121406783,0.094947705
4.833333333,0.258761538,-0.01628031,0.185647775,0.105583983,0.126560705
4.866666667,0.266451227,-0.019094008,0.207375238,0.088301712,0.156068743
4.9,0.269131775,-0.021069749,0.225419266,0.06986168,0.182961894
4.933333333,0.2668621,-0.022191975,0.239467817,0.050580817,0.206775316
4.966666667,0.259794951,-0.022475818,0.249283584,0.030786979,0.2270981
5,0.24817145,-0.021964604,0.254708403,0.010814323,0.243581087
5.033333333,0.232313973,-0.020726523,0.255666061,-0.009001619,0.255943496
5.066666667,0.212617581,-0.018850657,0.252163449,-0.028329095,0.263978222
5.1,0.189540219,-0.016442528,0.244290048,-0.046845446,0.267555699
5.133333333,0.163591936,-0.013619361,0.232215778,-0.064242479,0.266626262
5.166666667,0.135323388,-0.010505247,0.21618725,-0.080231792,0.261220952
5.2,0.105313883,-0.007226387,0.196522534,-0.094549929,0.251450763
5.233333333,0.074159246,-0.003906564,0.173604542,-0.106963256,0.237504354
5.266666667,0.042459748,-0.000662999,0.147873188,-0.117272407,0.219644271
5.3,0.010808364,0.002397289,0.119816502,-0.125316204,0.198201769
5.333333333,-0.020220425,0.005180537,0.089960872,-0.130974917,0.173570351
5.366666667,-0.050081058,0.007608622,0.058860642,-0.13417278,0.146198146
5.4,-0.078266381,0.009620752,0.027087279,-0.134879657,0.116579303
5.433333333,-0.104316018,0.011174437,-0.004781681,-0.133111809,0.085244565
5.466666667,-0.127823522,0.012245763,-0.036173648,-0.128931715,0.052751229
5.5,-0.148442187,0.012829,-0.066531776,-0.122446925,0.019672683
5.533333333,-0.165889481,0.01293561,-0.095325287,-0.113807946,-0.013412267
5.566666667,-0.179950043,0.012592718,-0.122059159,-0.103205219,-0.045930063
5.6,-0.190477276,0.011841148,-0.146282962,-0.09086521,-0.077322856
5.633333333,-0.197393539,0.010733107,-0.167598705,-0.077045731,-0.107058551
5.666666667,-0.200689012,0.009329638,-0.185667538,-0.062030574,-0.134640256
5.7,-0.200419304,0.007697931,-0.200215199,-0.04612359,-0.15961495
5.733333333,-0.196701932,0.005908602,-0.211036128,-0.029642348,-0.181581224
5.766666667,-0.189711761,0.004033036,-0.217996182,-0.012911526,-0.200195948
5.8,-0.179675572,0.002140885,-0.221033926,0.003743813,-0.215179756
5.833333333,-0.166865891,0.000297784,-0.220160507,0.020004896,-0.226321261
5.866666667,-0.151594241,-0.001436629,-0.215458137,0.035565719,-0.233479948
5.9,-0.13420397,-0.003010363,-0.207077242,0.050139171,-0.236587688
5.933333333,-0.115062824,-0.004380344,-0.195232371,0.063462672,-0.235648896
5.966666667,-0.094555412,-0.005513296,-0.180196959,0.075303188,-0.230739328
6,-0.073075712,-0.006386224,-0.162297079,0.085461535,-0.222003584
6.033333333,-0.051019765,-0.006986512,-0.141904328,0.093775862,-0.209651374
6.066666667,-0.028778673,-0.007311657,-0.119428005,0.100124271,-0.193952646
6.1,-0.006732028,-0.007368676,-0.095306742,0.104426506,-0.175231696
6.133333333,0.014758146,-0.00717323,-0.069999779,0.106644721,-0.153860375
6.166666667,0.035352837,-0.006748504,-0.043978046,0.106783301,-0.130250561
6.2,0.054740824,-0.006123914,-0.017715237,0.104887792,-0.104846036
6.233333333,0.072642736,-0.005333684,0.008320956,0.101042971,-0.07811394
6.266666667,0.088814363,-0.004415365,0.033677276,0.095370124,-0.05053597
6.3,0.103049195,-0.003408329,0.057922859,0.08802363,-0.022599495
6.333333333,0.115180205,-0.002352314,0.080656574,0.079186928,0.00521124
6.366666667,0.125080872,-0.001286054,0.101513607,0.069068,0.032423674
6.4,0.132665484,-0.000246038,0.120171212,0.057894468,0.058585079
6.433333333,0.137888755,0.000734572,0.136353516,0.04590843,0.083270171
6.466666667,0.140744803,0.001626833,0.149835326,0.033361172,0.106088056
6.5,0.141265545,0.00240671,0.160444899,0.020507849,0.126688381
6.533333333,0.139518577,0.00305555,0.168065638,0.007602279,0.144766618
6.566666667,0.13560459,0.003560342,0.172636732,-0.005108063,0.160068391
6.6,0.129654413,0.00391377,0.174152744,-0.017386741,0.172392797
6.633333333,0.121825733,0.004114067,0.172662199,-0.02901266,0.181594684
6.666666667,0.112299576,0.004164699,0.168265219,-0.039783901,0.187585869
6.7,0.101276608,0.004073884,0.161110293,-0.049521034,0.190335311
6.733333333,0.088973334,0.003854,0.151390254,-0.058069843,0.189868256
6.766666667,0.075618239,0.00352088,0.139337573,-0.065303464,0.1862644
6.8,0.061447951,0.003093051,0.125219084,-0.071123888,0.179655139
6.833333333,0.04670346,0.00259093,0.109330244,-0.075462851,0.170219961
6.866666667,0.031626458,0.002036021,0.091989064,-0.078282105,0.158182102
6.9,0.016455832,0.001450121,0.073529816,-0.079573104,0.143803537
6.933333333,0.001424343,0.000854581,0.054296668,-0.07935613,0.127379432
6.966666667,-0.013244452,0.000269629,0.034637329,-0.077678911,0.109232165
7,-0.027339045,-0.000286219,0.014896857,-0.074614772,0.089705051
7.033333333,-0.040662532,-0.000796653,-0.004588291,-0.070260383,0.069155868
7.066666667,-0.053034888,-0.001247951,-0.023495848,-0.064733166,0.047950334
7.1,-0.064294929,-0.001629257,-0.041522893,-0.058168417,0.026455627
7.133333333,-0.074301968,-0.001932734,-0.058390483,-0.050716218,0.005034087
7.166666667,-0.082937148,-0.002153618,-0.073847702,-0.042538199,-0.015962819
7.2,-0.090104457,-0.002290155,-0.087675083,-0.033804226,-0.03620015
7.233333333,-0.095731425,-0.002343459,-0.099687351,-0.024689056,-0.055364688
7.266666667,-0.099769503,-0.002317272,-0.109735478,-0.015369045,-0.073169594
7.3,-0.102194134,-0.002217665,-0.11770803,-0.006018941,-0.089358467
7.333333333,-0.103004523,-0.002052678,-0.12353182,0.003191167,-0.103708752
7.366666667,-0.102223117,-0.001831927,-0.127171869,0.012098715,-0.116034458
7.4,-0.099894802,-0.001566183,-0.128630716,0.020551295,-0.126188162
7.433333333,-0.096085842,-0.001266944,-0.127947108,0.028409019,-0.134062303
7.466666667,-0.090882564,-0.00094602,-0.125194122,0.035546586,-0.139589742
7.5,-0.08438981,-0.000615126,-0.120476772,0.041855035,-0.142743634
7.533333333,-0.076729186,-0.000285517,-0.11392916,0.047243163,-0.14353662
7.566666667,-0.068037111,3.23E-05,-0.105711254,0.051638593,-0.142019384
7.6,-0.058462705,0.000329059,-0.096005338,0.054988495,-0.138278623
7.633333333,-0.04816553,0.000596533,-0.085012241,0.057259957,-0.132434489
7.666666667,-0.03731322,0.000828132,-0.072947386,0.058440011,-0.124637559
7.7,-0.026079019,0.0010188,-0.060036757,0.058535317,-0.115065412
7.733333333,-0.014639263,0.00116511,-0.046512845,0.057571539,-0.103918872
7.766666667,-0.003170838,0.001265264,-0.032610644,0.055592404,-0.091418016
7.8,0.008151361,0.001319035,-0.01856376,0.052658493,-0.077797987
7.833333333,0.019156929,0.001327675,-0.004600696,0.048845778,-0.063304735
7.866666667,0.029682385,0.001293772,0.009058638,0.044243926,-0.048190711
7.9,0.039573491,0.00122108,0.022206135,0.038954425,-0.032710632
7.933333333,0.048687444,0.001114326,0.034648397,0.033088539,-0.017117344
7.966666667,0.056894894,0.000978995,0.046209279,0.026765155,-0.00165788
8,0.064081768,0.000821113,0.056732072,0.02010853,0.013430256
8.033333333,0.070150861,0.000647022,0.066081284,0.01324601,0.027922509
8.066666667,0.075023186,0.000463164,0.074144028,0.006305725,0.041610371
8.1,0.078639039,0.000275875,0.080830995,-0.000585672,0.054304104
8.133333333,0.080958784,9.12E-05,0.086077028,-0.007305208,0.065835075
8.166666667,0.081963322,-8.53E-05,0.089841297,-0.013735682,0.076057667
8.2,0.081654256,-0.000248599,0.092107102,-0.019767621,0.084850771
8.233333333,0.080053725,-0.000394473,0.092881302,-0.025301068,0.092118834
8.266666667,0.077203923,-0.000519444,0.092193426,-0.030247171,0.097792483
8.3,0.073166311,-0.000620901,0.090094456,-0.034529546,0.101828716
8.333333333,0.06802051,-0.000697116,0.086655354,-0.038085401,0.104210691
8.366666667,0.061862923,-0.000747235,0.081965328,-0.040866396,0.104947124
8.4,0.054805083,-0.000771254,0.076129908,-0.042839232,0.10407132
8.433333333,0.046971759,-0.000769966,0.069268842,-0.043985956,0.101639871
8.466666667,0.038498856,-0.000744887,0.061513861,-0.044303995,0.09773106
8.5,0.02953114,-0.000698164,0.053006353,-0.043805897,0.092442993
8.533333333,0.020219823,-0.000632479,0.04389498,-0.042518815,0.085891507
8.566666667,0.01072005,-0.000550929,0.034333268,-0.040483725,0.078207897
8.6,0.001188334,-0.000456915,0.024477213,-0.037754409,0.069536495
8.633333333,-0.008220028,-0.000354016,0.014482937,-0.034396217,0.060032144
8.666666667,-0.017353495,-0.000245879,0.004504412,-0.030484643,0.049857614
8.7,-0.026066758,-0.000136097,-0.005308707,-0.026103734,0.039180987
8.733333333,-0.034223089,-2.81E-05,-0.014813118,-0.021344369,0.028173064
8.766666667,-0.041696539,7.49E-05,-0.023873759,-0.016302447,0.017004816
8.8,-0.048373928,0.000169991,-0.032365521,-0.011077009,0.005844923
8.833333333,-0.054156618,0.000254772,-0.040174771,-0.00576834,-0.005142574
8.866666667,-0.058962017,0.000327186,-0.047200676,-0.000476082,-0.015800483
8.9,-0.062724799,0.000385686,-0.053356309,0.004702603,-0.025980494
8.933333333,-0.065397821,0.000429228,-0.058569533,0.00967479,-0.035545035
8.966666667,-0.066952716,0.000457271,-0.062783666,0.014353432,-0.044368911
9,-0.067380161,0.000469771,-0.065957909,0.01865886,-0.052340732
9.033333333,-0.066689816,0.000467153,-0.068067554,0.022520107,-0.0593641
9.066666667,-0.06490993,0.000450275,-0.06910396,0.025876047,-0.065358563
9.1,-0.062086635,0.000420379,-0.069074322,0.028676322,-0.070260324
9.133333333,-0.058282936,0.000379037,-0.068001218,0.030882042,-0.074022697
9.166666667,-0.053577421,0.000328086,-0.065921963,0.032466262,-0.076616331
9.2,-0.048062713,0.00026956,-0.062887783,0.033414207,-0.07802919
9.233333333,-0.041843696,0.000205622,-0.0589628,0.033723282,-0.078266296
9.266666667,-0.035035559,0.000138491,-0.054222878,0.03340283,-0.07734926
9.3,-0.027761672,7.04E-05,-0.048754321,0.032473687,-0.075315599
9.333333333,-0.020151357,3.40E-06,-0.042652457,0.030967518,-0.072217857
9.366666667,-0.012337587,-6.04E-05,-0.036020116,0.028925968,-0.06812255
9.4,-0.004454643,-0.000119318,-0.028966041,0.026399647,-0.063108945
9.433333333,0.003364201,-0.00017169,-0.021603232,0.023446964,-0.057267702
9.466666667,0.010988957,-0.000216247,-0.014047264,0.020132845,-0.050699389
9.5,0.0182951,-0.000251986,-0.00641459,0.016527361,-0.043512902
9.533333333,0.025165615,-0.000278219,0.001179144,0.012704292,-0.0358238
9.566666667,0.031492887,-0.000294578,0.00862075,0.008739652,-0.027752586
9.6,0.037180387,-0.000301012,0.015801093,0.004710216,-0.019422956
9.633333333,0.042144141,-0.000297775,0.022616611,0.000692069,-0.010960034
9.666666667,0.046313952,-0.000285407,0.028970742,-0.003240799,-0.002488615
9.7,0.04963436,-0.0002647,0.034775228,-0.007017818,0.005868552
9.733333333,0.052065332,-0.000236671,0.039951294,-0.010573065,0.013992429
9.766666667,0.053582659,-0.000202513,0.044430678,-0.013846375,0.021769285
9.8,0.054178083,-0.000163558,0.048156501,-0.016784312,0.029092192
9.833333333,0.053859132,-0.000121229,0.051083959,-0.019340987,0.035862408
9.866666667,0.05264869,-7.70E-05,0.053180843,-0.021478718,0.041990637
9.9,0.050584308,-3.23E-05,0.054427868,-0.023168513,0.047398139
9.933333333,0.047717267,1.14E-05,0.054818804,-0.024390391,0.052017688
9.966666667,0.044111429,5.28E-05,0.054360426,-0.025133506,0.055794357
10,0.039841887,9.08E-05,0.053072265,-0.025396123,0.058686131
10.03333333,0.034993454,0.000124199,0.050986172,-0.025185402,0.060664333
10.06666667,0.02965901,0.000152229,0.048145712,-0.024517042,0.061713859
10.1,0.023937746,0.000174223,0.044605374,-0.023414767,0.061833232
10.13333333,0.017933341,0.000189745,0.040429633,-0.021909679,0.061034454
10.16666667,0.011752095,0.000198578,0.035691866,-0.020039495,0.059342681
10.2,0.005501062,0.000200726,0.030473142,-0.017847681,0.056795709
10.23333333,-0.000713787,0.0001964,0.024860907,-0.015382504,0.053443294
10.26666667,-0.006789346,0.000186008,0.01894757,-0.012696023,0.049346301
10.3,-0.012627058,0.000170133,0.012829043,-0.009843034,0.044575708
10.33333333,-0.018134491,0.000149505,0.006603221,-0.006879997,0.03921147
10.36666667,-0.023226764,0.000124978,0.00036845,-0.003863958,0.033341267
10.4,-0.027827817,9.75E-05,-0.005777998,-0.000851495,0.027059145
10.43333333,-0.031871493,6.81E-05,-0.01174143,0.00210231,0.02046408
10.46666667,-0.035302433,3.77E-05,-0.017431175,0.004944834,0.01365848
10.5,-0.038076759,7.37E-06,-0.022761959,0.007626814,0.006746644
10.53333333,-0.040162549,-2.19E-05,-0.027655188,0.010103154,-0.000166787
10.56666667,-0.041540095,-4.92E-05,-0.032040105,0.012333649,-0.006978385
10.6,-0.042201947,-7.38E-05,-0.035854826,0.014283584,-0.01358745
10.63333333,-0.042152755,-9.50E-05,-0.039047217,0.015924235,-0.019897482
10.66666667,-0.041408902,-0.000112237,-0.041575616,0.017233236,-0.025817575
10.7,-0.03999795,-0.000125113,-0.04340938,0.018194829,-0.031263724
10.73333333,-0.037957919,-0.000133399,-0.04452925,0.018799984,-0.036160013
10.76666667,-0.035336398,-0.000137015,-0.04492753,0.019046394,-0.040439676
10.8,-0.032189528,-0.000136034,-0.044608086,0.01893835,-0.044046019
10.83333333,-0.028580859,-0.000130673,-0.043586152,0.018486502,-0.046933173
10.86666667,-0.024580117,-0.000121286,-0.041887956,0.017707507,-0.049066683
10.9,-0.020261901,-0.000108341,-0.039550173,0.016623576,-0.050423926
10.93333333,-0.015704327,-9.24E-05,-0.036619218,0.015261936,-0.050994329
10.96666667,-0.010987652,-7.41E-05,-0.033150382,0.013654216,-0.05077942
11,-0.0061929,-5.42E-05,-0.029206839,0.011835757,-0.049792684
11.03333333,-0.001400503,-3.33E-05,-0.024858527,0.009844889,-0.048059234
11.06666667,0.003311006,-1.22E-05,-0.020180942,0.007722154,-0.045615313
11.1,0.007866238,8.47E-06,-0.015253842,0.005509519,-0.042507624
11.13333333,0.012194109,2.80E-05,-0.010159907,0.00324958,-0.038792505
11.16666667,0.016228901,4.57E-05,-0.004983355,0.00098477,-0.034534959
11.2,0.019911208,6.13E-05,0.000191439,-0.001243411,-0.029807565
11.23333333,0.023188753,7.41E-05,0.00528132,-0.003395122,-0.02468927
11.26666667,0.026017069,8.40E-05,0.010205693,-0.005432876,-0.019264101
11.3,0.028360038,9.07E-05,0.014887796,-0.007322159,-0.013619806
11.33333333,0.030190271,9.41E-05,0.019255906,-0.009031991,-0.007846446
11.36666667,0.031489352,9.43E-05,0.023244439,-0.01053541,-0.002034971
11.4,0.032247915,9.14E-05,0.026794935,-0.011809863,0.003724211
11.43333333,0.032465583,8.55E-05,0.029856919,-0.012837518,0.009342638
11.46666667,0.032150761,7.71E-05,0.032388607,-0.013605476,0.014735157
11.5,0.031320286,6.65E-05,0.034357473,-0.014105891,0.019821221
11.53333333,0.029998965,5.41E-05,0.035740644,-0.014335996,0.024526093
11.56666667,0.028218977,4.04E-05,0.036525132,-0.014298031,0.028781956
11.6,0.026019191,2.59E-05,0.036707904,-0.013999089,0.032528893
11.63333333,0.023444376,1.12E-05,0.036295778,-0.013450869,0.035715737
11.66666667,0.02054435,-3.21E-06,0.035305166,-0.012669356,0.038300767
11.7,0.017373062,-1.69E-05,0.03376165,-0.011674428,0.040252247
11.73333333,0.01398763,-2.95E-05,0.031699425,-0.010489403,0.041548808
11.76666667,0.010447353,-4.06E-05,0.029160598,-0.009140525,0.042179647
11.8,0.006812713,-4.99E-05,0.026194368,-0.007656422,0.042144564
11.83333333,0.00314438,-5.71E-05,0.022856104,-0.006067524,0.041453826
11.86666667,-0.000497761,-6.21E-05,0.019206333,-0.004405457,0.04012787
11.9,-0.004055553,-6.48E-05,0.015309659,-0.002702444,0.038196837
11.93333333,-0.007473451,-6.52E-05,0.011233627,-0.000990692,0.035699967
11.96666667,-0.010699354,-6.34E-05,0.007047568,0.000698195,0.032684852
12,-0.013685362,-5.96E-05,0.002821418,0.00233378,0.029206562
12.03333333,-0.016388442,-5.39E-05,-0.001375438,0.00388733,0.025326668
12.06666667,-0.018771012,-4.67E-05,-0.005475303,0.0053323,0.021112168
12.1,-0.020801418,-3.82E-05,-0.009413254,0.006644769,0.016634348
12.13333333,-0.022454317,-2.88E-05,-0.013128166,0.007803818,0.011967584
12.16666667,-0.023710938,-1.88E-05,-0.016563647,0.008791846,0.007188109
12.2,-0.024559247,-8.59E-06,-0.019668887,0.00959481,0.002372778
12.23333333,-0.024993996,1.45E-06,-0.022399395,0.010202405,-0.002402169
12.26666667,-0.025016662,1.10E-05,-0.024717612,0.010608159,-0.007062312
12.3,-0.024635288,1.98E-05,-0.026593413,0.010809465,-0.011536209
12.33333333,-0.023864216,2.75E-05,-0.028004454,0.010807534,-0.015756489
12.36666667,-0.022723734,3.40E-05,-0.028936408,0.010607285,-0.019660863
12.4,-0.021239627,3.91E-05,-0.02938304,0.010217162,-0.023193037
12.43333333,-0.019442663,4.26E-05,-0.029346163,0.009648896,-0.026303517
12.46666667,-0.017367999,4.45E-05,-0.028835457,0.008917213,-0.028950286
12.5,-0.015054534,4.48E-05,-0.027868155,0.008039487,-0.031099354
12.53333333,-0.012544218,4.36E-05,-0.026468617,0.007035357,-0.032725172
12.56666667,-0.009881325,4.10E-05,-0.02466779,0.005926314,-0.033810901
12.6,-0.007111698,3.71E-05,-0.022502575,0.004735259,-0.034348531
12.63333333,-0.004281995,3.21E-05,-0.020015101,0.003486047,-0.034338868
12.66666667,-0.001438923,2.63E-05,-0.017251932,0.002203026,-0.033791367
12.7,0.001371501,1.98E-05,-0.014263216,0.000910577,-0.032723837
12.73333333,0.004104676,1.29E-05,-0.011101788,-0.000367336,-0.031162016
12.76666667,0.006718098,5.87E-06,-0.007822255,-0.001607598,-0.029139019
12.8,0.009172001,-1.04E-06,-0.004480063,-0.002788342,-0.026694686
12.83333333,0.01142994,-7.60E-06,-0.001130573,-0.00388933,-0.023874828
12.86666667,0.013459311,-1.36E-05,0.002171841,-0.004892277,-0.020730392
12.9,0.015231799,-1.89E-05,0.005374666,-0.005781145,-0.017316558
12.93333333,0.016723756,-2.33E-05,0.008428061,-0.006542381,-0.013691788
12.96666667,0.017916488,-2.68E-05,0.011285624,-0.007165106,-0.009916832
13,0.018796467,-2.91E-05,0.013905073,-0.007641249,-0.006053723
13.03333333,0.019355453,-3.04E-05,0.016248852,-0.00796563,-0.002164767
13.06666667,0.019590526,-3.06E-05,0.01828464,-0.008135978,0.001688453
13.1,0.019504039,-2.97E-05,0.019985775,-0.00815291,0.005446042
13.13333333,0.019103484,-2.79E-05,0.02133156,-0.008019841,0.009050712
13.16666667,0.018401278,-2.51E-05,0.022307479,-0.007742858,0.012448644
13.2,0.017414474,-2.17E-05,0.022905301,-0.007330543,0.015590277
13.23333333,0.016164404,-1.77E-05,0.023123078,-0.00679375,0.018431011
13.26666667,0.014676256,-1.32E-05,0.022965043,-0.006145353,0.020931823
13.3,0.012978601,-8.49E-06,0.02244141,-0.005399962,0.023059775
13.33333333,0.011102869,-3.69E-06,0.021568082,-0.00457361,0.024788424
13.36666667,0.009082795,1.01E-06,0.020366266,-0.003683421,0.02609811
13.4,0.006953825,5.47E-06,0.018862021,-0.002747278,0.02697614
13.43333333,0.00475252,9.54E-06,0.017085729,-0.001783466,0.027416849
13.46666667,0.002515939,1.31E-05,0.015071511,-0.000810334,0.027421556
13.5,0.000281033,1.61E-05,0.012856598,0.000154045,0.026998405
13.53333333,-0.001915951,1.83E-05,0.01048066,0.001092201,0.0261621
13.56666667,-0.00404005,1.99E-05,0.007985116,0.001987567,0.024933548
13.6,-0.006058125,2.07E-05,0.005412428,0.002824768,0.023339404
13.63333333,-0.007939365,2.07E-05,0.002805397,0.003589867,0.021411535
13.66666667,-0.009655754,2.00E-05,0.000206468,0.004270589,0.019186419
13.7,-0.011182466,1.87E-05,-0.002342946,0.004856505,0.016704477
13.73333333,-0.012498219,1.68E-05,-0.004803105,0.005339176,0.014009357
13.76666667,-0.013585557,1.44E-05,-0.007136539,0.00571226,0.011147188
13.8,-0.014431061,1.16E-05,-0.009308603,0.00597158,0.0081658
13.83333333,-0.015025503,8.60E-06,-0.011287966,0.006115143,0.005113948
13.86666667,-0.015363914,5.39E-06,-0.013047041,0.006143125,0.00204052
13.9,-0.015445589,2.15E-06,-0.014562343,0.006057818,-0.001006222
13.93333333,-0.015274028,-1.02E-06,-0.015814776,0.005863532,-0.003979392
13.96666667,-0.014856795,-4.01E-06,-0.016789838,0.005566469,-0.006834179
14,-0.014205324,-6.72E-06,-0.017477755,0.005174565,-0.009528507
14.03333333,-0.013334663,-9.08E-06,-0.017873531,0.004697299,-0.012023636
14.06666667,-0.012263158,-1.10E-05,-0.017976924,0.004145487,-0.014284697
14.1,-0.011012098,-1.25E-05,-0.017792346,0.003531045,-0.016281157
14.13333333,-0.009605309,-1.35E-05,-0.017328693,0.00286675,-0.017987202
14.16666667,-0.008068716,-1.39E-05,-0.016599103,0.002165983,-0.019382047
14.2,-0.006429885,-1.39E-05,-0.015620657,0.001442467,-0.020450149
14.23333333,-0.004717534,-1.34E-05,-0.014414025,0.000710013,-0.021181347
14.26666667,-0.002961048,-1.24E-05,-0.013003056,-1.77E-05,-0.021570904
14.3,-0.001189979,-1.11E-05,-0.011414335,-0.000727572,-0.021619471
14.33333333,0.000566441,-9.45E-06,-0.009676705,-0.001406904,-0.021332965
14.36666667,0.002279769,-7.55E-06,-0.007820757,-0.002044025,-0.020722368
14.4,0.003922808,-5.48E-06,-0.005878314,-0.002628278,-0.019803455
14.43333333,0.005470032,-3.32E-06,-0.0038819,-0.003150234,-0.018596448
14.46666667,0.006897966,-1.14E-06,-0.001864213,-0.00360183,-0.017125615
14.5,0.008185539,9.72E-07,0.000142395,-0.003976491,-0.015418808
14.53333333,0.009314386,2.95E-06,0.00210642,-0.004269206,-0.013506964
14.56666667,0.010269091,4.74E-06,0.003997684,-0.00447659,-0.011423562
14.6,0.011037394,6.28E-06,0.005787783,-0.0045969,-0.009204053
14.63333333,0.011610323,7.53E-06,0.007450494,-0.004630034,-0.006885278
14.66666667,0.011982284,8.46E-06,0.008962143,-0.004577489,-0.00450487
14.7,0.012151089,9.06E-06,0.010301925,-0.004442294,-0.00210066
14.73333333,0.012117923,9.32E-06,0.011452165,-0.004228923,0.000289908
14.76666667,0.01188726,9.24E-06,0.012398537,-0.003943173,0.002630345
14.8,0.011466727,8.85E-06,0.013130216,-0.003592029,0.004885657
14.83333333,0.010866919,8.17E-06,0.013639973,-0.003183506,0.00702285
14.86666667,0.010101163,7.24E-06,0.013924217,-0.002726478,0.009011396
14.9,0.009185249,6.11E-06,0.013982977,-0.002230494,0.01082365
14.93333333,0.008137119,4.82E-06,0.013819824,-0.001705587,0.012435216
14.96666667,0.006976534,3.42E-06,0.013441745,-0.001162079,0.01382525
15,0.00572471,1.98E-06,0.012858963,-0.000610384,0.014976715
15.03333333,0.004403942,5.31E-07,0.012084712,-6.08E-05,0.015876554
15.06666667,0.003037216,-8.65E-07,0.011134968,0.000476601,0.016515821
15.1,0.001647816,-2.17E-06,0.010028144,0.000992303,0.016889726
15.13333333,0.000258938,-3.33E-06,0.008784754,0.001477359,0.01699763
15.16666667,-0.001106691,-4.32E-06,0.007427048,0.001923612,0.016842971
15.2,-0.002427176,-5.12E-06,0.005978632,0.002323817,0.016433131
15.23333333,-0.003681801,-5.70E-06,0.004464071,0.002671743,0.015779242
15.26666667,-0.004851338,-6.05E-06,0.002908483,0.002962273,0.014895949
15.3,-0.00591834,-6.19E-06,0.001337142,0.003191464,0.013801113
15.33333333,-0.006867391,-6.10E-06,-0.000224926,0.003356591,0.012515479
15.36666667,-0.007685312,-5.80E-06,-0.001753329,0.003456174,0.011062301
15.4,-0.00836134,-5.32E-06,-0.003224673,0.003489967,0.009466944
15.43333333,-0.008887253,-4.68E-06,-0.004616912,0.00345894,0.007756452
15.46666667,-0.009257449,-3.90E-06,-0.005909668,0.003365226,0.005959113
15.5,-0.009468993,-3.03E-06,-0.007084514,0.003212058,0.004103995
15.53333333,-0.009521605,-2.10E-06,-0.008125225,0.00300368,0.002220499
15.56666667,-0.009417612,-1.14E-06,-0.009017991,0.002745249,0.000337902
15.6,-0.009161859,-1.87E-07,-0.009751586,0.002442713,-0.001515085
15.63333333,-0.008761576,7.26E-07,-0.010317497,0.002102687,-0.00331074
15.66666667,-0.00822621,1.57E-06,-0.01071,0.001732312,-0.005022734
15.7,-0.007567228,2.32E-06,-0.010926201,0.001339117,-0.006626501
15.73333333,-0.006797887,2.95E-06,-0.010966031,0.000930864,-0.00809958
15.76666667,-0.005932979,3.45E-06,-0.010832185,0.000515406,-0.009421913
15.8,-0.004988559,3.81E-06,-0.010530039,0.000100537,-0.010576107
15.83333333,-0.003981655,4.02E-06,-0.010067508,-0.000306148,-0.011547648
15.86666667,-0.002929971,4.07E-06,-0.009454879,-0.000697386,-0.012325065
15.9,-0.001851582,3.99E-06,-0.008704603,-0.001066376,-0.01290005
15.93333333,-0.000764635,3.77E-06,-0.007831066,-0.001406887,-0.013267524
15.96666667,0.000312957,3.43E-06,-0.006850319,-0.001713361,-0.013425656
16,0.001363794,2.99E-06,-0.005779806,-0.001981001,-0.013375832
16.03333333,0.00237127,2.47E-06,-0.004638057,-0.002205838,-0.013122573
16.06666667,0.003319822,1.89E-06,-0.003444383,-0.002384781,-0.012673413
16.1,0.004195167,1.27E-06,-0.002218554,-0.00251566,-0.012038726
16.13333333,0.004984506,6.35E-07,-0.000980486,-0.002597236,-0.011231523
16.16666667,0.005676706,1.18E-08,0.000250078,-0.002629206,-0.010267204
16.2,0.006262443,-5.81E-07,0.001453873,-0.002612184,-0.009163281
16.23333333,0.006734318,-1.12E-06,0.002612407,-0.002547666,-0.00793908
16.26666667,0.007086941,-1.60E-06,0.003708238,-0.002437987,-0.00661541
16.3,0.007316974,-2.00E-06,0.004725228,-0.002286249,-0.005214224
16.33333333,0.007423145,-2.31E-06,0.005648772,-0.002096253,-0.003758266
16.36666667,0.007406228,-2.53E-06,0.006466005,-0.00187241,-0.002270713
16.4,0.007268983,-2.64E-06,0.007165969,-0.001619644,-0.000774813
16.43333333,0.007016078,-2.66E-06,0.007739754,-0.001343291,0.000706467
16.46666667,0.006653966,-2.59E-06,0.0081806,-0.001048988,0.002150785
16.5,0.006190748,-2.43E-06,0.008483965,-0.000742569,0.003536751
16.53333333,0.005636009,-2.19E-06,0.008647562,-0.000429945,0.004844238
16.56666667,0.005000626,-1.90E-06,0.008671347,-0.000116999,0.006054666
16.6,0.00429657,-1.54E-06,0.008557489,0.000190521,0.007151252
16.63333333,0.003536685,-1.16E-06,0.008310288,0.000487107,0.008119241
16.66666667,0.002734464,-7.51E-07,0.007936077,0.000767587,0.008946093
16.7,0.001903816,-3.39E-07,0.007443081,0.001027204,0.009621635
16.73333333,0.001058831,6.54E-08,0.006841256,0.001261705,0.010138176
16.76666667,0.000213545,4.47E-07,0.006142101,0.001467397,0.010490582
16.8,-0.000618283,7.94E-07,0.005358448,0.001641204,0.010676311
16.83333333,-0.00142339,1.10E-06,0.004504237,0.001780712,0.010695406
16.86666667,-0.002189217,1.35E-06,0.003594275,0.001884191,0.010550454
16.9,-0.002904096,1.54E-06,0.002643987,0.001950618,0.010246501
16.93333333,-0.003557423,1.66E-06,0.001669162,0.001979669,0.009790935
16.96666667,-0.004139805,1.73E-06,0.000685693,0.001971717,0.009193332
17,-0.004643196,1.73E-06,-0.000290672,0.001927802,0.008465276
17.03333333,-0.005060991,1.67E-06,-0.001244581,0.0018496,0.007620149
17.06666667,-0.005388111,1.56E-06,-0.002161312,0.001739375,0.006672894
17.1,-0.005621051,1.39E-06,-0.003026996,0.001599921,0.00563976
17.13333333,-0.005757907,1.19E-06,-0.003828822,0.001434503,0.004538039
17.16666667,-0.005798374,9.59E-07,-0.004555221,0.001246783,0.003385775
17.2,-0.00574372,7.04E-07,-0.00519603,0.001040741,0.002201483
17.23333333,-0.005596732,4.39E-07,-0.005742626,0.000820598,0.001003855
17.26666667,-0.00536164,1.71E-07,-0.006188037,0.000590733,-0.000188527
17.3,-0.005044023,-8.91E-08,-0.006527024,0.000355595,-0.001357478
17.33333333,-0.004650687,-3.33E-07,-0.006756132,0.000119622,-0.002485474
17.36666667,-0.004189534,-5.53E-07,-0.006873715,-0.000112838,-0.003555916
17.4,-0.003669408,-7.43E-07,-0.006879929,-0.000337608,-0.004553368
17.43333333,-0.003099938,-8.97E-07,-0.006776699,-0.000550752,-0.00546377
17.46666667,-0.002491359,-1.01E-06,-0.006567656,-0.000748644,-0.006274635
17.5,-0.001854341,-1.09E-06,-0.006258048,-0.000928024,-0.006975213
17.53333333,-0.001199803,-1.12E-06,-0.005854629,-0.001086051,-0.007556625
17.56666667,-0.000538732,-1.11E-06,-0.005365524,-0.001220343,-0.008011974
17.6,0.000117998,-1.07E-06,-0.004800076,-0.001329012,-0.00833641
17.63333333,0.000759798,-9.89E-07,-0.004168675,-0.001410684,-0.008527179
17.66666667,0.001376529,-8.79E-07,-0.003482571,-0.001464515,-0.008583625
17.7,0.001958664,-7.44E-07,-0.002753683,-0.001490191,-0.008507165
17.73333333,0.002497423,-5.90E-07,-0.001994398,-0.001487921,-0.008301238
17.76666667,0.002984905,-4.24E-07,-0.001217358,-0.001458423,-0.007971213
17.8,0.003414199,-2.52E-07,-0.000435262,-0.001402896,-0.007524278
17.83333333,0.003779475,-7.97E-08,0.000339344,-0.001322987,-0.006969298
17.86666667,0.004076058,8.65E-08,0.001094259,-0.00122075,-0.006316651
17.9,0.004300481,2.41E-07,0.001817821,-0.0010986,-0.005578043
17.93333333,0.004450518,3.80E-07,0.002499078,-0.000959258,-0.004766306
17.96666667,0.004525197,4.98E-07,0.003127955,-0.000805695,-0.003895182
18,0.004524787,5.93E-07,0.003695396,-0.00064107,-0.002979093
18.03333333,0.004450775,6.63E-07,0.004193489,-0.000468669,-0.002032913
18.06666667,0.004305814,7.06E-07,0.004615576,-0.000291841,-0.001071727
18.1,0.004093657,7.23E-07,0.004956332,-0.000113936,-0.000110596
18.13333333,0.003819077,7.13E-07,0.005211827,6.18E-05,0.000835674
18.16666667,0.003487769,6.80E-07,0.005379566,0.000232072,0.001752758
18.2,0.003106235,6.25E-07,0.005458499,0.000394015,0.002627022
18.23333333,0.002681671,5.51E-07,0.005449013,0.000544818,0.003445725
18.26666667,0.002221828,4.62E-07,0.005352898,0.000681985,0.0041972
18.3,0.001734881,3.61E-07,0.005173296,0.000803331,0.004871014
18.33333333,0.001229284,2.54E-07,0.00491462,0.000907012,0.00545811
18.36666667,0.000713631,1.43E-07,0.004582467,0.000991556,0.005950923
18.4,0.000196508,3.25E-08,0.004183501,0.001055873,0.006343475
18.43333333,-0.00031364,-7.31E-08,0.003725329,0.001099273,0.006631433
18.46666667,-0.000808648,-1.71E-07,0.003216362,0.001121466,0.006812158
18.5,-0.001280757,-2.57E-07,0.002665666,0.001122557,0.006884707
18.53333333,-0.001722733,-3.31E-07,0.002082802,0.001103037,0.006849829
18.56666667,-0.002127972,-3.89E-07,0.001477669,0.001063762,0.006709914
18.6,-0.0024906,-4.31E-07,0.000860334,0.001005929,0.006468937
18.63333333,-0.002805548,-4.55E-07,0.000240872,0.000931048,0.006132366
18.66666667,-0.003068625,-4.63E-07,-0.000370798,0.000840903,0.005707051
18.7,-0.003276565,-4.54E-07,-0.000965068,0.000737517,0.005201095
18.73333333,-0.003427065,-4.30E-07,-0.001532785,0.000623106,0.004623708
18.76666667,-0.003518799,-3.93E-07,-0.002065397,0.000500034,0.003985046
18.8,-0.003551427,-3.44E-07,-0.002555069,0.000370768,0.003296035
18.83333333,-0.003525578,-2.85E-07,-0.002994801,0.000237828,0.002568191
18.86666667,-0.003442818,-2.20E-07,-0.003378523,0.00010374,0.001813431
18.9,-0.003305613,-1.51E-07,-0.003701172,-2.90E-05,0.001043881
18.93333333,-0.003117264,-7.97E-08,-0.003958757,-0.000158015,0.000271686
18.96666667,-0.002881845,-9.59E-09,-0.0041484,-0.000281006,-0.000491181
19,-0.002604112,5.72E-08,-0.004268364,-0.00039587,-0.001233099
19.03333333,-0.002289421,1.18E-07,-0.004318054,-0.000500697,-0.001942971
19.06666667,-0.001943624,1.73E-07,-0.004298009,-0.000593809,-0.002610394
19.1,-0.001572965,2.18E-07,-0.004209872,-0.00067378,-0.0032258
19.13333333,-0.001183971,2.53E-07,-0.004056339,-0.000739461,-0.003780593
19.16666667,-0.00078334,2.78E-07,-0.0038411,-0.000789995,-0.004267266
19.2,-0.000377829,2.92E-07,-0.003568759,-0.00082482,-0.004679496
19.23333333,2.59E-05,2.95E-07,-0.003244741,-0.000843677,-0.005012225
19.26666667,0.000421181,2.88E-07,-0.002875194,-0.000846607,-0.00526171
19.3,0.000801859,2.71E-07,-0.002466875,-0.000833941,-0.005425564
19.33333333,0.001161978,2.46E-07,-0.002027029,-0.000806289,-0.005502766
19.36666667,0.001496072,2.14E-07,-0.001563267,-0.00076452,-0.005493651
19.4,0.001799207,1.76E-07,-0.001083433,-0.000709741,-0.005399887
19.43333333,0.002067053,1.34E-07,-0.000595479,-0.000643271,-0.005224418
19.46666667,0.002295937,8.91E-08,-0.000107335,-0.000566612,-0.004971402
19.5,0.002482895,4.39E-08,0.00037322,-0.000481417,-0.004646122
19.53333333,0.002625705,-4.07E-10,0.000838676,-0.000389453,-0.004254883
19.56666667,0.002722908,-4.24E-08,0.001281908,-0.000292572,-0.003804902
19.6,0.002773818,-8.07E-08,0.001696281,-0.000192668,-0.003304172
19.63333333,0.002778516,-1.14E-07,0.00207575,-9.16E-05,-0.002761332
19.66666667,0.002737835,-1.42E-07,0.00241494,8.61E-06,-0.002185515
19.7,0.002653335,-1.64E-07,0.002709221,0.000106291,-0.001586204
19.73333333,0.002527254,-1.78E-07,0.002954768,0.000199657,-0.000973074
19.76666667,0.00236247,-1.86E-07,0.003148606,0.000287104,-0.000355842
19.8,0.00216243,-1.87E-07,0.003288641,0.000367172,0.000255885
19.83333333,0.001931093,-1.82E-07,0.003373674,0.000438571,0.000852759
19.86666667,0.001672847,-1.70E-07,0.003403408,0.000500202,0.001425825
19.9,0.001392432,-1.54E-07,0.00337843,0.000551169,0.001966661
19.93333333,0.00109486,-1.32E-07,0.003300187,0.000590798,0.002467491
19.96666667,0.000785319,-1.08E-07,0.003170946,0.000618634,0.002921298
20,0.000469093,-8.09E-08,0.002993742,0.000634453,0.003321918
